Workbook
Name Slicer_Pickup_point: #N/A
Name Slicer_Status: #N/A
Name Slicer_Time_Slot: #N/A
Name Slicer_WeekDay: #N/A

Sheet Uber Raw Dataset
A1: Request id | B1: Pickup point | C1: Driver id | D1: Status | E1: Request timestamp | F1: Drop timestamp
A2: 619 | B2: Airport | C2: 1 | D2: Trip Completed | E2: 42562.494 | F2: 42562.542
A3: 867 | B3: Airport | C3: 1 | D3: Trip Completed | E3: 42562.748 | F3: 42562.783
A4: 1807 | B4: City | C4: 1 | D4: Trip Completed | E4: 42563.387 | F4: 42563.415
A5: 2532 | B5: Airport | C5: 1 | D5: Trip Completed | E5: 42563.881 | F5: 42563.919
A6: 3112 | B6: City | C6: 1 | D6: Trip Completed | E6: 42564.356 | F6: 42564.393
A7: 3879 | B7: Airport | C7: 1 | D7: Trip Completed | E7: 42564.915 | F7: 42564.937
A8: 4270 | B8: Airport | C8: 1 | D8: Trip Completed | E8: 42565.261 | F8: 42565.301
A9: 5510 | B9: Airport | C9: 1 | D9: Trip Completed | E9: 42566.217 | F9: 42566.255
A10: 6248 | B10: City | C10: 1 | D10: Trip Completed | E10: 42566.748 | F10: 42566.785
A11: 267 | B11: City | C11: 2 | D11: Trip Completed | E11: 42562.282 | F11: 42562.309
A12: 1467 | B12: Airport | C12: 2 | D12: Trip Completed | E12: 42563.214 | F12: 42563.251
A13: 1983 | B13: City | C13: 2 | D13: Trip Completed | E13: 42563.521 | F13: 42563.54
... A2832: 5844 | B2832: Airport | C2832: 300 | D2832: Trip Completed | E2832: 42566.38 | F2832: 42566.414
A2833: 2905 | B2833: City | C2833: 1 | D2833: Cancelled | E2833: 42564.256 | F2833: NA
A2834: 4805 | B2834: City | C2834: 1 | D2834: Cancelled | E2834: 42565.714 | F2834: NA
A2835: 5202 | B2835: Airport | C2835: 1 | D2835: Cancelled | E2835: 42565.869 | F2835: NA
A2836: 5927 | B2836: City | C2836: 1 | D2836: Cancelled | E2836: 42566.425 | F2836: NA
A2837: 2347 | B2837: Airport | C2837: 2 | D2837: Cancelled | E2837: 42563.801 | F2837: NA
A2838: 3806 | B2838: Airport | C2838: 2 | D2838: Cancelled | E2838: 42564.873 | F2838: NA
A2839: 4451 | B2839: City | C2839: 2 | D2839: Cancelled | E2839: 42565.36 | F2839: NA
A2840: 5023 | B2840: Airport | C2840: 2 | D2840: Cancelled | E2840: 42565.795 | F2840: NA
A2841: 80 | B2841: City | C2841: 3 | D2841: Cancelled | E2841: 42562.199 | F2841: NA
A2842: 534 | B2842: City | C2842: 3 | D2842: Cancelled | E2842: 42562.417 | F2842: NA
A2843: 1867 | B2843: Airport | C2843: 3 | D2843: Cancelled | E2843: 42563.416 | F2843: NA
A2844: 4383 | B2844: City | C2844: 3 | D2844: Cancelled | E2844: 42565.325 | F2844: NA
... A4096: 4225 | B4096: City | C4096: 300 | D4096: Cancelled | E4096: 42565.24 | F4096: NA
A4097: 1362 | B4097: City | C4097: NA | D4097: No Cars Available | E4097: 42562.001 | F4097: NA
A4098: 1364 | B4098: City | C4098: NA | D4098: No Cars Available | E4098: 42562.004 | F4098: NA
A4099: 1366 | B4099: City | C4099: NA | D4099: No Cars Available | E4099: 42562.006 | F4099: NA
A4100: 2 | B4100: Airport | C4100: NA | D4100: No Cars Available | E4100: 42562.016 | F4100: NA
A4101: 7 | B4101: Airport | C4101: NA | D4101: No Cars Available | E4101: 42562.021 | F4101: NA
A4102: 6 | B4102: City | C4102: NA | D4102: No Cars Available | E4102: 42562.025 | F4102: NA
A4103: 4 | B4103: City | C4103: NA | D4103: No Cars Available | E4103: 42562.026 | F4103: NA
A4104: 8 | B4104: City | C4104: NA | D4104: No Cars Available | E4104: 42562.028 | F4104: NA
A4105: 12 | B4105: City | C4105: NA | D4105: No Cars Available | E4105: 42562.047 | F4105: NA
A4106: 16 | B4106: Airport | C4106: NA | D4106: No Cars Available | E4106: 42562.048 | F4106: NA
A4107: 14 | B4107: Airport | C4107: NA | D4107: No Cars Available | E4107: 42562.049 | F4107: NA
A4108: 19 | B4108: City | C4108: NA | D4108: No Cars Available | E4108: 42562.051 | F4108: NA
... A6746: 6753 | B6746: Airport | C6746: NA | D6746: No Cars Available | E6746: 42566.997 | F6746: NA

Sheet Uber Clean Dataset
A1: Request id | B1: Pickup point | C1: Driver id | D1: Status | E1: Request timestamp | F1: Drop timestamp | G1: Request_Date | H1: Request_Time | I1: Request_Hour | J1: Time_Slot | K1: WeekDay | L1: Ride_Outcome | M1: Success_Flag | N1: Failure_Flag | O1: Demand | P1: Route | Q1: Time_Duration_Minutes
A2: 619 | B2: Airport | C2: 1 | D2: Trip Completed | E2: 42562.494 | F2: 42562.542 | G2: =INT(E2) -> 42562 | H2: =MOD(E2,1) -> 0.49375 | I2: =HOUR(E2) -> 11 | J2: =IF(I2<5,"Early Morning", IF(I2<10,"Morning", IF(I2<17,"Day", IF(I2<21,"Evening","Night")))) -> Day | K2: =TEXT(A2,"dddd") -> Tuesday | L2: =IF(D2="Trip Completed","Successful","Failed") -> Successful | M2: =IF(D2="Trip Completed",1,0) -> 1 | N2: =IF(D2="Trip Completed",0,1) -> 0 | O2: 1 | P2: =IF(B2="Airport","Airport Route","City Route") -> Airport Route | Q2: =IFERROR((F2-E2)*1440,"") -> 69
A3: 867 | B3: Airport | C3: 1 | D3: Trip Completed | E3: 42562.748 | F3: 42562.783 | G3: =INT(E3) -> 42562 | H3: =MOD(E3,1) -> 0.74791667 | I3: =HOUR(E3) -> 17 | J3: =IF(I3<5,"Early Morning", IF(I3<10,"Morning", IF(I3<17,"Day", IF(I3<21,"Evening","Night")))) -> Evening | K3: =TEXT(A3,"dddd") -> Friday | L3: =IF(D3="Trip Completed","Successful","Failed") -> Successful | M3: =IF(D3="Trip Completed",1,0) -> 1 | N3: =IF(D3="Trip Completed",0,1) -> 0 | O3: 1 | P3: =IF(B3="Airport","Airport Route","City Route") -> Airport Route | Q3: =IFERROR((F3-E3)*1440,"") -> 50
A4: 1807 | B4: City | C4: 1 | D4: Trip Completed | E4: 42563.387 | F4: 42563.415 | G4: =INT(E4) -> 42563 | H4: =MOD(E4,1) -> 0.38680556 | I4: =HOUR(E4) -> 9 | J4: =IF(I4<5,"Early Morning", IF(I4<10,"Morning", IF(I4<17,"Day", IF(I4<21,"Evening","Night")))) -> Morning | K4: =TEXT(A4,"dddd") -> Sunday | L4: =IF(D4="Trip Completed","Successful","Failed") -> Successful | M4: =IF(D4="Trip Completed",1,0) -> 1 | N4: =IF(D4="Trip Completed",0,1) -> 0 | O4: 1 | P4: =IF(B4="Airport","Airport Route","City Route") -> City Route | Q4: =IFERROR((F4-E4)*1440,"") -> 41
A5: 2532 | B5: Airport | C5: 1 | D5: Trip Completed | E5: 42563.881 | F5: 42563.919 | G5: =INT(E5) -> 42563 | H5: =MOD(E5,1) -> 0.88055556 | I5: =HOUR(E5) -> 21 | J5: =IF(I5<5,"Early Morning", IF(I5<10,"Morning", IF(I5<17,"Day", IF(I5<21,"Evening","Night")))) -> Night | K5: =TEXT(A5,"dddd") -> Thursday | L5: =IF(D5="Trip Completed","Successful","Failed") -> Successful | M5: =IF(D5="Trip Completed",1,0) -> 1 | N5: =IF(D5="Trip Completed",0,1) -> 0 | O5: 1 | P5: =IF(B5="Airport","Airport Route","City Route") -> Airport Route | Q5: =IFERROR((F5-E5)*1440,"") -> 55
A6: 3112 | B6: City | C6: 1 | D6: Trip Completed | E6: 42564.356 | F6: 42564.393 | G6: =INT(E6) -> 42564 | H6: =MOD(E6,1) -> 0.35643519 | I6: =HOUR(E6) -> 8 | J6: =IF(I6<5,"Early Morning", IF(I6<10,"Morning", IF(I6<17,"Day", IF(I6<21,"Evening","Night")))) -> Morning | K6: =TEXT(A6,"dddd") -> Wednesday | L6: =IF(D6="Trip Completed","Successful","Failed") -> Successful | M6: =IF(D6="Trip Completed",1,0) -> 1 | N6: =IF(D6="Trip Completed",0,1) -> 0 | O6: 1 | P6: =IF(B6="Airport","Airport Route","City Route") -> City Route | Q6: =IFERROR((F6-E6)*1440,"") -> 52.516667
A7: 3879 | B7: Airport | C7: 1 | D7: Trip Completed | E7: 42564.915 | F7: 42564.937 | G7: =INT(E7) -> 42564 | H7: =MOD(E7,1) -> 0.91490741 | I7: =HOUR(E7) -> 21 | J7: =IF(I7<5,"Early Morning", IF(I7<10,"Morning", IF(I7<17,"Day", IF(I7<21,"Evening","Night")))) -> Night | K7: =TEXT(A7,"dddd") -> Sunday | L7: =IF(D7="Trip Completed","Successful","Failed") -> Successful | M7: =IF(D7="Trip Completed",1,0) -> 1 | N7: =IF(D7="Trip Completed",0,1) -> 0 | O7: 1 | P7: =IF(B7="Airport","Airport Route","City Route") -> Airport Route | Q7: =IFERROR((F7-E7)*1440,"") -> 31.516667
A8: 4270 | B8: Airport | C8: 1 | D8: Trip Completed | E8: 42565.261 | F8: 42565.301 | G8: =INT(E8) -> 42565 | H8: =MOD(E8,1) -> 0.26078704 | I8: =HOUR(E8) -> 6 | J8: =IF(I8<5,"Early Morning", IF(I8<10,"Morning", IF(I8<17,"Day", IF(I8<21,"Evening","Night")))) -> Morning | K8: =TEXT(A8,"dddd") -> Saturday | L8: =IF(D8="Trip Completed","Successful","Failed") -> Successful | M8: =IF(D8="Trip Completed",1,0) -> 1 | N8: =IF(D8="Trip Completed",0,1) -> 0 | O8: 1 | P8: =IF(B8="Airport","Airport Route","City Route") -> Airport Route | Q8: =IFERROR((F8-E8)*1440,"") -> 57.716667
A9: 5510 | B9: Airport | C9: 1 | D9: Trip Completed | E9: 42566.217 | F9: 42566.255 | G9: =INT(E9) -> 42566 | H9: =MOD(E9,1) -> 0.21657407 | I9: =HOUR(E9) -> 5 | J9: =IF(I9<5,"Early Morning", IF(I9<10,"Morning", IF(I9<17,"Day", IF(I9<21,"Evening","Night")))) -> Morning | K9: =TEXT(A9,"dddd") -> Sunday | L9: =IF(D9="Trip Completed","Successful","Failed") -> Successful | M9: =IF(D9="Trip Completed",1,0) -> 1 | N9: =IF(D9="Trip Completed",0,1) -> 0 | O9: 1 | P9: =IF(B9="Airport","Airport Route","City Route") -> Airport Route | Q9: =IFERROR((F9-E9)*1440,"") -> 56
A10: 6248 | B10: City | C10: 1 | D10: Trip Completed | E10: 42566.748 | F10: 42566.785 | G10: =INT(E10) -> 42566 | H10: =MOD(E10,1) -> 0.74822917 | I10: =HOUR(E10) -> 17 | J10: =IF(I10<5,"Early Morning", IF(I10<10,"Morning", IF(I10<17,"Day", IF(I10<21,"Evening","Night")))) -> Evening | K10: =TEXT(A10,"dddd") -> Wednesday | L10: =IF(D10="Trip Completed","Successful","Failed") -> Successful | M10: =IF(D10="Trip Completed",1,0) -> 1 | N10: =IF(D10="Trip Completed",0,1) -> 0 | O10: 1 | P10: =IF(B10="Airport","Airport Route","City Route") -> City Route | Q10: =IFERROR((F10-E10)*1440,"") -> 53.4
A11: 267 | B11: City | C11: 2 | D11: Trip Completed | E11: 42562.282 | F11: 42562.309 | G11: =INT(E11) -> 42562 | H11: =MOD(E11,1) -> 0.28194444 | I11: =HOUR(E11) -> 6 | J11: =IF(I11<5,"Early Morning", IF(I11<10,"Morning", IF(I11<17,"Day", IF(I11<21,"Evening","Night")))) -> Morning | K11: =TEXT(A11,"dddd") -> Sunday | L11: =IF(D11="Trip Completed","Successful","Failed") -> Successful | M11: =IF(D11="Trip Completed",1,0) -> 1 | N11: =IF(D11="Trip Completed",0,1) -> 0 | O11: 1 | P11: =IF(B11="Airport","Airport Route","City Route") -> City Route | Q11: =IFERROR((F11-E11)*1440,"") -> 39
A12: 1467 | B12: Airport | C12: 2 | D12: Trip Completed | E12: 42563.214 | F12: 42563.251 | G12: =INT(E12) -> 42563 | H12: =MOD(E12,1) -> 0.21388889 | I12: =HOUR(E12) -> 5 | J12: =IF(I12<5,"Early Morning", IF(I12<10,"Morning", IF(I12<17,"Day", IF(I12<21,"Evening","Night")))) -> Morning | K12: =TEXT(A12,"dddd") -> Wednesday | L12: =IF(D12="Trip Completed","Successful","Failed") -> Successful | M12: =IF(D12="Trip Completed",1,0) -> 1 | N12: =IF(D12="Trip Completed",0,1) -> 0 | O12: 1 | P12: =IF(B12="Airport","Airport Route","City Route") -> Airport Route | Q12: =IFERROR((F12-E12)*1440,"") -> 54
A13: 1983 | B13: City | C13: 2 | D13: Trip Completed | E13: 42563.521 | F13: 42563.54 | G13: =INT(E13) -> 42563 | H13: =MOD(E13,1) -> 0.52083333 | I13: =HOUR(E13) -> 12 | J13: =IF(I13<5,"Early Morning", IF(I13<10,"Morning", IF(I13<17,"Day", IF(I13<21,"Evening","Night")))) -> Day | K13: =TEXT(A13,"dddd") -> Monday | L13: =IF(D13="Trip Completed","Successful","Failed") -> Successful | M13: =IF(D13="Trip Completed",1,0) -> 1 | N13: =IF(D13="Trip Completed",0,1) -> 0 | O13: 1 | P13: =IF(B13="Airport","Airport Route","City Route") -> City Route | Q13: =IFERROR((F13-E13)*1440,"") -> 27
... A2832: 5844 | B2832: Airport | C2832: 300 | D2832: Trip Completed | E2832: 42566.38 | F2832: 42566.414 | G2832: =INT(E2832) -> 42566 | H2832: =MOD(E2832,1) -> 0.37996528 | I2832: =HOUR(E2832) -> 9 | J2832: =IF(I2832<5,"Early Morning", IF(I2832<10,"Morning", IF(I2832<17,"Day", IF(I2832<21,"Evening","Night")))) -> Morning | K2832: =TEXT(A2832,"dddd") -> Friday | L2832: =IF(D2832="Trip Completed","Successful","Failed") -> Successful | M2832: =IF(D2832="Trip Completed",1,0) -> 1 | N2832: =IF(D2832="Trip Completed",0,1) -> 0 | O2832: 1 | P2832: =IF(B2832="Airport","Airport Route","City Route") -> Airport Route | Q2832: =IFERROR((F2832-E2832)*1440,"") -> 48.966667
A2833: 2905 | B2833: City | C2833: 1 | D2833: Cancelled | E2833: 42564.256 | F2833: NA | G2833: =INT(E2833) -> 42564 | H2833: =MOD(E2833,1) -> 0.25603009 | I2833: =HOUR(E2833) -> 6 | J2833: =IF(I2833<5,"Early Morning", IF(I2833<10,"Morning", IF(I2833<17,"Day", IF(I2833<21,"Evening","Night")))) -> Morning | K2833: =TEXT(A2833,"dddd") -> Saturday | L2833: =IF(D2833="Trip Completed","Successful","Failed") -> Failed | M2833: =IF(D2833="Trip Completed",1,0) -> 0 | N2833: =IF(D2833="Trip Completed",0,1) -> 1 | O2833: 1 | P2833: =IF(B2833="Airport","Airport Route","City Route") -> City Route | Q2833: =IFERROR((F2833-E2833)*1440,"")
A2834: 4805 | B2834: City | C2834: 1 | D2834: Cancelled | E2834: 42565.714 | F2834: NA | G2834: =INT(E2834) -> 42565 | H2834: =MOD(E2834,1) -> 0.71386574 | I2834: =HOUR(E2834) -> 17 | J2834: =IF(I2834<5,"Early Morning", IF(I2834<10,"Morning", IF(I2834<17,"Day", IF(I2834<21,"Evening","Night")))) -> Evening | K2834: =TEXT(A2834,"dddd") -> Tuesday | L2834: =IF(D2834="Trip Completed","Successful","Failed") -> Failed | M2834: =IF(D2834="Trip Completed",1,0) -> 0 | N2834: =IF(D2834="Trip Completed",0,1) -> 1 | O2834: 1 | P2834: =IF(B2834="Airport","Airport Route","City Route") -> City Route | Q2834: =IFERROR((F2834-E2834)*1440,"")
A2835: 5202 | B2835: Airport | C2835: 1 | D2835: Cancelled | E2835: 42565.869 | F2835: NA | G2835: =INT(E2835) -> 42565 | H2835: =MOD(E2835,1) -> 0.86917824 | I2835: =HOUR(E2835) -> 20 | J2835: =IF(I2835<5,"Early Morning", IF(I2835<10,"Morning", IF(I2835<17,"Day", IF(I2835<21,"Evening","Night")))) -> Evening | K2835: =TEXT(A2835,"dddd") -> Sunday | L2835: =IF(D2835="Trip Completed","Successful","Failed") -> Failed | M2835: =IF(D2835="Trip Completed",1,0) -> 0 | N2835: =IF(D2835="Trip Completed",0,1) -> 1 | O2835: 1 | P2835: =IF(B2835="Airport","Airport Route","City Route") -> Airport Route | Q2835: =IFERROR((F2835-E2835)*1440,"")
A2836: 5927 | B2836: City | C2836: 1 | D2836: Cancelled | E2836: 42566.425 | F2836: NA | G2836: =INT(E2836) -> 42566 | H2836: =MOD(E2836,1) -> 0.42546296 | I2836: =HOUR(E2836) -> 10 | J2836: =IF(I2836<5,"Early Morning", IF(I2836<10,"Morning", IF(I2836<17,"Day", IF(I2836<21,"Evening","Night")))) -> Day | K2836: =TEXT(A2836,"dddd") -> Thursday | L2836: =IF(D2836="Trip Completed","Successful","Failed") -> Failed | M2836: =IF(D2836="Trip Completed",1,0) -> 0 | N2836: =IF(D2836="Trip Completed",0,1) -> 1 | O2836: 1 | P2836: =IF(B2836="Airport","Airport Route","City Route") -> City Route | Q2836: =IFERROR((F2836-E2836)*1440,"")
A2837: 2347 | B2837: Airport | C2837: 2 | D2837: Cancelled | E2837: 42563.801 | F2837: NA | G2837: =INT(E2837) -> 42563 | H2837: =MOD(E2837,1) -> 0.80138889 | I2837: =HOUR(E2837) -> 19 | J2837: =IF(I2837<5,"Early Morning", IF(I2837<10,"Morning", IF(I2837<17,"Day", IF(I2837<21,"Evening","Night")))) -> Evening | K2837: =TEXT(A2837,"dddd") -> Monday | L2837: =IF(D2837="Trip Completed","Successful","Failed") -> Failed | M2837: =IF(D2837="Trip Completed",1,0) -> 0 | N2837: =IF(D2837="Trip Completed",0,1) -> 1 | O2837: 1 | P2837: =IF(B2837="Airport","Airport Route","City Route") -> Airport Route | Q2837: =IFERROR((F2837-E2837)*1440,"")
A2838: 3806 | B2838: Airport | C2838: 2 | D2838: Cancelled | E2838: 42564.873 | F2838: NA | G2838: =INT(E2838) -> 42564 | H2838: =MOD(E2838,1) -> 0.8734838 | I2838: =HOUR(E2838) -> 20 | J2838: =IF(I2838<5,"Early Morning", IF(I2838<10,"Morning", IF(I2838<17,"Day", IF(I2838<21,"Evening","Night")))) -> Evening | K2838: =TEXT(A2838,"dddd") -> Thursday | L2838: =IF(D2838="Trip Completed","Successful","Failed") -> Failed | M2838: =IF(D2838="Trip Completed",1,0) -> 0 | N2838: =IF(D2838="Trip Completed",0,1) -> 1 | O2838: 1 | P2838: =IF(B2838="Airport","Airport Route","City Route") -> Airport Route | Q2838: =IFERROR((F2838-E2838)*1440,"")
A2839: 4451 | B2839: City | C2839: 2 | D2839: Cancelled | E2839: 42565.36 | F2839: NA | G2839: =INT(E2839) -> 42565 | H2839: =MOD(E2839,1) -> 0.36016204 | I2839: =HOUR(E2839) -> 8 | J2839: =IF(I2839<5,"Early Morning", IF(I2839<10,"Morning", IF(I2839<17,"Day", IF(I2839<21,"Evening","Night")))) -> Morning | K2839: =TEXT(A2839,"dddd") -> Friday | L2839: =IF(D2839="Trip Completed","Successful","Failed") -> Failed | M2839: =IF(D2839="Trip Completed",1,0) -> 0 | N2839: =IF(D2839="Trip Completed",0,1) -> 1 | O2839: 1 | P2839: =IF(B2839="Airport","Airport Route","City Route") -> City Route | Q2839: =IFERROR((F2839-E2839)*1440,"")
A2840: 5023 | B2840: Airport | C2840: 2 | D2840: Cancelled | E2840: 42565.795 | F2840: NA | G2840: =INT(E2840) -> 42565 | H2840: =MOD(E2840,1) -> 0.79453704 | I2840: =HOUR(E2840) -> 19 | J2840: =IF(I2840<5,"Early Morning", IF(I2840<10,"Morning", IF(I2840<17,"Day", IF(I2840<21,"Evening","Night")))) -> Evening | K2840: =TEXT(A2840,"dddd") -> Wednesday | L2840: =IF(D2840="Trip Completed","Successful","Failed") -> Failed | M2840: =IF(D2840="Trip Completed",1,0) -> 0 | N2840: =IF(D2840="Trip Completed",0,1) -> 1 | O2840: 1 | P2840: =IF(B2840="Airport","Airport Route","City Route") -> Airport Route | Q2840: =IFERROR((F2840-E2840)*1440,"")
A2841: 80 | B2841: City | C2841: 3 | D2841: Cancelled | E2841: 42562.199 | F2841: NA | G2841: =INT(E2841) -> 42562 | H2841: =MOD(E2841,1) -> 0.19930556 | I2841: =HOUR(E2841) -> 4 | J2841: =IF(I2841<5,"Early Morning", IF(I2841<10,"Morning", IF(I2841<17,"Day", IF(I2841<21,"Evening","Night")))) -> Early Morning | K2841: =TEXT(A2841,"dddd") -> Tuesday | L2841: =IF(D2841="Trip Completed","Successful","Failed") -> Failed | M2841: =IF(D2841="Trip Completed",1,0) -> 0 | N2841: =IF(D2841="Trip Completed",0,1) -> 1 | O2841: 1 | P2841: =IF(B2841="Airport","Airport Route","City Route") -> City Route | Q2841: =IFERROR((F2841-E2841)*1440,"")
A2842: 534 | B2842: City | C2842: 3 | D2842: Cancelled | E2842: 42562.417 | F2842: NA | G2842: =INT(E2842) -> 42562 | H2842: =MOD(E2842,1) -> 0.41736111 | I2842: =HOUR(E2842) -> 10 | J2842: =IF(I2842<5,"Early Morning", IF(I2842<10,"Morning", IF(I2842<17,"Day", IF(I2842<21,"Evening","Night")))) -> Day | K2842: =TEXT(A2842,"dddd") -> Monday | L2842: =IF(D2842="Trip Completed","Successful","Failed") -> Failed | M2842: =IF(D2842="Trip Completed",1,0) -> 0 | N2842: =IF(D2842="Trip Completed",0,1) -> 1 | O2842: 1 | P2842: =IF(B2842="Airport","Airport Route","City Route") -> City Route | Q2842: =IFERROR((F2842-E2842)*1440,"")
A2843: 1867 | B2843: Airport | C2843: 3 | D2843: Cancelled | E2843: 42563.416 | F2843: NA | G2843: =INT(E2843) -> 42563 | H2843: =MOD(E2843,1) -> 0.41597222 | I2843: =HOUR(E2843) -> 9 | J2843: =IF(I2843<5,"Early Morning", IF(I2843<10,"Morning", IF(I2843<17,"Day", IF(I2843<21,"Evening","Night")))) -> Morning | K2843: =TEXT(A2843,"dddd") -> Thursday | L2843: =IF(D2843="Trip Completed","Successful","Failed") -> Failed | M2843: =IF(D2843="Trip Completed",1,0) -> 0 | N2843: =IF(D2843="Trip Completed",0,1) -> 1 | O2843: 1 | P2843: =IF(B2843="Airport","Airport Route","City Route") -> Airport Route | Q2843: =IFERROR((F2843-E2843)*1440,"")
A2844: 4383 | B2844: City | C2844: 3 | D2844: Cancelled | E2844: 42565.325 | F2844: NA | G2844: =INT(E2844) -> 42565 | H2844: =MOD(E2844,1) -> 0.3253588 | I2844: =HOUR(E2844) -> 7 | J2844: =IF(I2844<5,"Early Morning", IF(I2844<10,"Morning", IF(I2844<17,"Day", IF(I2844<21,"Evening","Night")))) -> Morning | K2844: =TEXT(A2844,"dddd") -> Sunday | L2844: =IF(D2844="Trip Completed","Successful","Failed") -> Failed | M2844: =IF(D2844="Trip Completed",1,0) -> 0 | N2844: =IF(D2844="Trip Completed",0,1) -> 1 | O2844: 1 | P2844: =IF(B2844="Airport","Airport Route","City Route") -> City Route | Q2844: =IFERROR((F2844-E2844)*1440,"")
... A4096: 4225 | B4096: City | C4096: 300 | D4096: Cancelled | E4096: 42565.24 | F4096: NA | G4096: =INT(E4096) -> 42565 | H4096: =MOD(E4096,1) -> 0.24034722 | I4096: =HOUR(E4096) -> 5 | J4096: =IF(I4096<5,"Early Morning", IF(I4096<10,"Morning", IF(I4096<17,"Day", IF(I4096<21,"Evening","Night")))) -> Morning | K4096: =TEXT(A4096,"dddd") -> Wednesday | L4096: =IF(D4096="Trip Completed","Successful","Failed") -> Failed | M4096: =IF(D4096="Trip Completed",1,0) -> 0 | N4096: =IF(D4096="Trip Completed",0,1) -> 1 | O4096: 1 | P4096: =IF(B4096="Airport","Airport Route","City Route") -> City Route | Q4096: =IFERROR((F4096-E4096)*1440,"")
A4097: 1362 | B4097: City | C4097: NA | D4097: No Cars Available | E4097: 42562.001 | F4097: NA | G4097: =INT(E4097) -> 42562 | H4097: =MOD(E4097,1) -> 0.0013888889 | I4097: =HOUR(E4097) -> 0 | J4097: =IF(I4097<5,"Early Morning", IF(I4097<10,"Morning", IF(I4097<17,"Day", IF(I4097<21,"Evening","Night")))) -> Early Morning | K4097: =TEXT(A4097,"dddd") -> Wednesday | L4097: =IF(D4097="Trip Completed","Successful","Failed") -> Failed | M4097: =IF(D4097="Trip Completed",1,0) -> 0 | N4097: =IF(D4097="Trip Completed",0,1) -> 1 | O4097: 1 | P4097: =IF(B4097="Airport","Airport Route","City Route") -> City Route | Q4097: =IFERROR((F4097-E4097)*1440,"")
A4098: 1364 | B4098: City | C4098: NA | D4098: No Cars Available | E4098: 42562.004 | F4098: NA | G4098: =INT(E4098) -> 42562 | H4098: =MOD(E4098,1) -> 0.0041666667 | I4098: =HOUR(E4098) -> 0 | J4098: =IF(I4098<5,"Early Morning", IF(I4098<10,"Morning", IF(I4098<17,"Day", IF(I4098<21,"Evening","Night")))) -> Early Morning | K4098: =TEXT(A4098,"dddd") -> Friday | L4098: =IF(D4098="Trip Completed","Successful","Failed") -> Failed | M4098: =IF(D4098="Trip Completed",1,0) -> 0 | N4098: =IF(D4098="Trip Completed",0,1) -> 1 | O4098: 1 | P4098: =IF(B4098="Airport","Airport Route","City Route") -> City Route | Q4098: =IFERROR((F4098-E4098)*1440,"")
A4099: 1366 | B4099: City | C4099: NA | D4099: No Cars Available | E4099: 42562.006 | F4099: NA | G4099: =INT(E4099) -> 42562 | H4099: =MOD(E4099,1) -> 0.00625 | I4099: =HOUR(E4099) -> 0 | J4099: =IF(I4099<5,"Early Morning", IF(I4099<10,"Morning", IF(I4099<17,"Day", IF(I4099<21,"Evening","Night")))) -> Early Morning | K4099: =TEXT(A4099,"dddd") -> Sunday | L4099: =IF(D4099="Trip Completed","Successful","Failed") -> Failed | M4099: =IF(D4099="Trip Completed",1,0) -> 0 | N4099: =IF(D4099="Trip Completed",0,1) -> 1 | O4099: 1 | P4099: =IF(B4099="Airport","Airport Route","City Route") -> City Route | Q4099: =IFERROR((F4099-E4099)*1440,"")
A4100: 2 | B4100: Airport | C4100: NA | D4100: No Cars Available | E4100: 42562.016 | F4100: NA | G4100: =INT(E4100) -> 42562 | H4100: =MOD(E4100,1) -> 0.015972222 | I4100: =HOUR(E4100) -> 0 | J4100: =IF(I4100<5,"Early Morning", IF(I4100<10,"Morning", IF(I4100<17,"Day", IF(I4100<21,"Evening","Night")))) -> Early Morning | K4100: =TEXT(A4100,"dddd") -> Monday | L4100: =IF(D4100="Trip Completed","Successful","Failed") -> Failed | M4100: =IF(D4100="Trip Completed",1,0) -> 0 | N4100: =IF(D4100="Trip Completed",0,1) -> 1 | O4100: 1 | P4100: =IF(B4100="Airport","Airport Route","City Route") -> Airport Route | Q4100: =IFERROR((F4100-E4100)*1440,"")
A4101: 7 | B4101: Airport | C4101: NA | D4101: No Cars Available | E4101: 42562.021 | F4101: NA | G4101: =INT(E4101) -> 42562 | H4101: =MOD(E4101,1) -> 0.020833333 | I4101: =HOUR(E4101) -> 0 | J4101: =IF(I4101<5,"Early Morning", IF(I4101<10,"Morning", IF(I4101<17,"Day", IF(I4101<21,"Evening","Night")))) -> Early Morning | K4101: =TEXT(A4101,"dddd") -> Saturday | L4101: =IF(D4101="Trip Completed","Successful","Failed") -> Failed | M4101: =IF(D4101="Trip Completed",1,0) -> 0 | N4101: =IF(D4101="Trip Completed",0,1) -> 1 | O4101: 1 | P4101: =IF(B4101="Airport","Airport Route","City Route") -> Airport Route | Q4101: =IFERROR((F4101-E4101)*1440,"")
A4102: 6 | B4102: City | C4102: NA | D4102: No Cars Available | E4102: 42562.025 | F4102: NA | G4102: =INT(E4102) -> 42562 | H4102: =MOD(E4102,1) -> 0.025 | I4102: =HOUR(E4102) -> 0 | J4102: =IF(I4102<5,"Early Morning", IF(I4102<10,"Morning", IF(I4102<17,"Day", IF(I4102<21,"Evening","Night")))) -> Early Morning | K4102: =TEXT(A4102,"dddd") -> Friday | L4102: =IF(D4102="Trip Completed","Successful","Failed") -> Failed | M4102: =IF(D4102="Trip Completed",1,0) -> 0 | N4102: =IF(D4102="Trip Completed",0,1) -> 1 | O4102: 1 | P4102: =IF(B4102="Airport","Airport Route","City Route") -> City Route | Q4102: =IFERROR((F4102-E4102)*1440,"")
A4103: 4 | B4103: City | C4103: NA | D4103: No Cars Available | E4103: 42562.026 | F4103: NA | G4103: =INT(E4103) -> 42562 | H4103: =MOD(E4103,1) -> 0.025694444 | I4103: =HOUR(E4103) -> 0 | J4103: =IF(I4103<5,"Early Morning", IF(I4103<10,"Morning", IF(I4103<17,"Day", IF(I4103<21,"Evening","Night")))) -> Early Morning | K4103: =TEXT(A4103,"dddd") -> Wednesday | L4103: =IF(D4103="Trip Completed","Successful","Failed") -> Failed | M4103: =IF(D4103="Trip Completed",1,0) -> 0 | N4103: =IF(D4103="Trip Completed",0,1) -> 1 | O4103: 1 | P4103: =IF(B4103="Airport","Airport Route","City Route") -> City Route | Q4103: =IFERROR((F4103-E4103)*1440,"")
A4104: 8 | B4104: City | C4104: NA | D4104: No Cars Available | E4104: 42562.028 | F4104: NA | G4104: =INT(E4104) -> 42562 | H4104: =MOD(E4104,1) -> 0.027777778 | I4104: =HOUR(E4104) -> 0 | J4104: =IF(I4104<5,"Early Morning", IF(I4104<10,"Morning", IF(I4104<17,"Day", IF(I4104<21,"Evening","Night")))) -> Early Morning | K4104: =TEXT(A4104,"dddd") -> Sunday | L4104: =IF(D4104="Trip Completed","Successful","Failed") -> Failed | M4104: =IF(D4104="Trip Completed",1,0) -> 0 | N4104: =IF(D4104="Trip Completed",0,1) -> 1 | O4104: 1 | P4104: =IF(B4104="Airport","Airport Route","City Route") -> City Route | Q4104: =IFERROR((F4104-E4104)*1440,"")
A4105: 12 | B4105: City | C4105: NA | D4105: No Cars Available | E4105: 42562.047 | F4105: NA | G4105: =INT(E4105) -> 42562 | H4105: =MOD(E4105,1) -> 0.047222222 | I4105: =HOUR(E4105) -> 1 | J4105: =IF(I4105<5,"Early Morning", IF(I4105<10,"Morning", IF(I4105<17,"Day", IF(I4105<21,"Evening","Night")))) -> Early Morning | K4105: =TEXT(A4105,"dddd") -> Thursday | L4105: =IF(D4105="Trip Completed","Successful","Failed") -> Failed | M4105: =IF(D4105="Trip Completed",1,0) -> 0 | N4105: =IF(D4105="Trip Completed",0,1) -> 1 | O4105: 1 | P4105: =IF(B4105="Airport","Airport Route","City Route") -> City Route | Q4105: =IFERROR((F4105-E4105)*1440,"")
A4106: 16 | B4106: Airport | C4106: NA | D4106: No Cars Available | E4106: 42562.048 | F4106: NA | G4106: =INT(E4106) -> 42562 | H4106: =MOD(E4106,1) -> 0.047916667 | I4106: =HOUR(E4106) -> 1 | J4106: =IF(I4106<5,"Early Morning", IF(I4106<10,"Morning", IF(I4106<17,"Day", IF(I4106<21,"Evening","Night")))) -> Early Morning | K4106: =TEXT(A4106,"dddd") -> Monday | L4106: =IF(D4106="Trip Completed","Successful","Failed") -> Failed | M4106: =IF(D4106="Trip Completed",1,0) -> 0 | N4106: =IF(D4106="Trip Completed",0,1) -> 1 | O4106: 1 | P4106: =IF(B4106="Airport","Airport Route","City Route") -> Airport Route | Q4106: =IFERROR((F4106-E4106)*1440,"")
A4107: 14 | B4107: Airport | C4107: NA | D4107: No Cars Available | E4107: 42562.049 | F4107: NA | G4107: =INT(E4107) -> 42562 | H4107: =MOD(E4107,1) -> 0.048611111 | I4107: =HOUR(E4107) -> 1 | J4107: =IF(I4107<5,"Early Morning", IF(I4107<10,"Morning", IF(I4107<17,"Day", IF(I4107<21,"Evening","Night")))) -> Early Morning | K4107: =TEXT(A4107,"dddd") -> Saturday | L4107: =IF(D4107="Trip Completed","Successful","Failed") -> Failed | M4107: =IF(D4107="Trip Completed",1,0) -> 0 | N4107: =IF(D4107="Trip Completed",0,1) -> 1 | O4107: 1 | P4107: =IF(B4107="Airport","Airport Route","City Route") -> Airport Route | Q4107: =IFERROR((F4107-E4107)*1440,"")
A4108: 19 | B4108: City | C4108: NA | D4108: No Cars Available | E4108: 42562.051 | F4108: NA | G4108: =INT(E4108) -> 42562 | H4108: =MOD(E4108,1) -> 0.051388889 | I4108: =HOUR(E4108) -> 1 | J4108: =IF(I4108<5,"Early Morning", IF(I4108<10,"Morning", IF(I4108<17,"Day", IF(I4108<21,"Evening","Night")))) -> Early Morning | K4108: =TEXT(A4108,"dddd") -> Thursday | L4108: =IF(D4108="Trip Completed","Successful","Failed") -> Failed | M4108: =IF(D4108="Trip Completed",1,0) -> 0 | N4108: =IF(D4108="Trip Completed",0,1) -> 1 | O4108: 1 | P4108: =IF(B4108="Airport","Airport Route","City Route") -> City Route | Q4108: =IFERROR((F4108-E4108)*1440,"")
... A6746: 6753 | B6746: Airport | C6746: NA | D6746: No Cars Available | E6746: 42566.997 | F6746: NA | G6746: =INT(E6746) -> 42566 | H6746: =MOD(E6746,1) -> 0.9965625 | I6746: =HOUR(E6746) -> 23 | J6746: =IF(I6746<5,"Early Morning", IF(I6746<10,"Morning", IF(I6746<17,"Day", IF(I6746<21,"Evening","Night")))) -> Night | K6746: =TEXT(A6746,"dddd") -> Thursday | L6746: =IF(D6746="Trip Completed","Successful","Failed") -> Failed | M6746: =IF(D6746="Trip Completed",1,0) -> 0 | N6746: =IF(D6746="Trip Completed",0,1) -> 1 | O6746: 1 | P6746: =IF(B6746="Airport","Airport Route","City Route") -> Airport Route | Q6746: =IFERROR((F6746-E6746)*1440,"")

Sheet Status Distribution
A3: Row Labels | B3: Count of Request id
A4: Cancelled | B4: 198
A5: No Cars Available | B5: 1713
A6: Trip Completed | B6: 1327
A7: Grand Total | B7: 3238

Sheet Demand Supply Gap
A3: Count of Request id | B3: Column Labels
A4: Row Labels | B4: Cancelled | C4: No Cars Available | D4: Trip Completed | E4: Grand Total
A5: Day | B5: 64 | C5: 87 | D5: 327 | E5: 478
A6: Early Morning | B6: 2 | C6: 148 | D6: 103 | E6: 253
A7: Evening | B7: 78 | C7: 1067 | D7: 312 | E7: 1457
A8: Morning | B8: 23 | C8: 21 | D8: 382 | E8: 426
A9: Night | B9: 31 | C9: 390 | D9: 203 | E9: 624
A10: Grand Total | B10: 198 | C10: 1713 | D10: 1327 | E10: 3238

Sheet Demand by Time Slot
XEZ1: Row Labels | XFA1: Count of Request id
XEZ2: Day | XFA2: 1224
A3: Row Labels | B3: Count of Request id | XEZ3: Early Morning | XFA3: 578
A4: Day | B4: 478 | XEZ4: Evening | XFA4: 1893
A5: Early Morning | B5: 253 | XEZ5: Morning | XFA5: 2103
A6: Evening | B6: 1457 | XEZ6: Night | XFA6: 947
A7: Morning | B7: 426 | XEZ7: (blank)
A8: Night | B8: 624 | XEZ8: Grand Total | XFA8: 6745
A9: Grand Total | B9: 3238

Sheet Airport vs City
XEX1: Count of Request id | XEY1: Column Labels
XEX2: Row Labels | XEY2: Cancelled | XEZ2: No Cars Available | XFA2: Trip Completed | XFB2: Grand Total
A3: Count of Request id | B3: Column Labels | XEX3: Airport | XEY3: 198 | XEZ3: 1713 | XFA3: 1327 | XFB3: 3238
A4: Row Labels | B4: Cancelled | C4: No Cars Available | D4: Trip Completed | E4: Grand Total | XEX4: City | XEY4: 1066 | XEZ4: 937 | XFA4: 1504 | XFB4: 3507
A5: Airport | B5: 198 | C5: 1713 | D5: 1327 | E5: 3238 | XEX5: Grand Total | XEY5: 1264 | XEZ5: 2650 | XFA5: 2831 | XFB5: 6745
A6: Grand Total | B6: 198 | C6: 1713 | D6: 1327 | E6: 3238

Sheet Weekday Analysis
A3: Row Labels | B3: Count of Request id
A4: Sunday | B4: 453
A5: Monday | B5: 467
A6: Tuesday | B6: 465
A7: Wednesday | B7: 448
A8: Thursday | B8: 458
A9: Friday | B9: 474
A10: Saturday | B10: 473
A11: Grand Total | B11: 3238

Sheet Average Trip Duration
A3: Row Labels | B3: Average of Time_Duration_Minutes
A4: Day | B4: 52.39566
A5: Early Morning | B5: 53.84338
A6: Evening | B6: 51.724065
A7: Morning | B7: 52.515418
A8: Night | B8: 52.571846
A9: Grand Total | B9: 52.413753

Sheet Route analysis
A3: Row Labels | B3: Count of Request id
A4: Airport Route | B4: 3238
A5: City Route | B5: 3507
A6: Grand Total | B6: 6745

Sheet WEEKDAY x TIME SLOT
A3: Count of Request id | B3: Column Labels
A4: Week day | B4: Day | C4: Early Morning | D4: Evening | E4: Morning | F4: Night | G4: Grand Total
A5: Sunday | B5: 175 | C5: 84 | D5: 270 | E5: 300 | F5: 136 | G5: 965
A6: Monday | B6: 174 | C6: 84 | D6: 273 | E6: 299 | F6: 133 | G6: 963
A7: Tuesday | B7: 177 | C7: 83 | D7: 268 | E7: 297 | F7: 135 | G7: 960
A8: Wednesday | B8: 174 | C8: 82 | D8: 270 | E8: 302 | F8: 137 | G8: 965
A9: Thursday | B9: 175 | C9: 80 | D9: 269 | E9: 302 | F9: 136 | G9: 962
A10: Friday | B10: 176 | C10: 82 | D10: 271 | E10: 301 | F10: 135 | G10: 965
A11: Saturday | B11: 173 | C11: 83 | D11: 272 | E11: 302 | F11: 135 | G11: 965
A12: Grand Total | B12: 1224 | C12: 578 | D12: 1893 | E12: 2103 | F12: 947 | G12: 6745

Sheet Sheet3
A3: Count of Request id | B3: Column Labels
A4: Row Labels | B4: Cancelled | C4: No Cars Available | D4: Trip Completed | E4: Grand Total
A5: Airport | B5: 198 | C5: 1713 | D5: 1327 | E5: 3238
A6: City | B6: 1066 | C6: 937 | D6: 1504 | E6: 3507
A7: Grand Total | B7: 1264 | C7: 2650 | D7: 2831 | E7: 6745

Sheet MAIN DASHBOARD
A1: UBER DEMAND-SUPPLY GAP ANALYSIS DASHBOARD | XFC1: Trip Completed | XFD1: =IFERROR(GETPIVOTDATA("Request id",'Status Distribution'!$A$3),0) -> 3238
XFC2: Trip Request | XFD2: =IFERROR(GETPIVOTDATA("Request id",'Status Distribution'!$A$3,"Status","Trip Completed"),0) -> 1327
XFC4: Compeltion Rate | XFD4: =IFERROR(XFD2/XFD1,0) -> 0.40982088
XFC5: Cancelled Trips | XFD5: =IFERROR(GETPIVOTDATA("Request id",'Status Distribution'!$A$3,"Status","Cancelled"),0) -> 198
XFC6: No Cars Available | XFD6: =IFERROR(GETPIVOTDATA("Request id",'Status Distribution'!$A$3,"Status","No Cars Available"),0) -> 1713
XFC7: Supply Demand Gap | XFD7: =XFD1-XFD2 -> 1911
A20: INSIGHTS
A21: • Only 41.97% of ride requests were successfully completed.
A22: • A large number of requests were lost due to driver unavailability.

Sheet Dashboard2
A1: UBER DEMAND-SUPPLY GAP ANALYSIS DASHBOARD | XFC1: Trip Completed | XFD1: =IFERROR(GETPIVOTDATA("Request id",'Status Distribution'!$A$3),0) -> 3238
XFC2: Trip Request | XFD2: =IFERROR(GETPIVOTDATA("Request id",'Status Distribution'!$A$3,"Status","Trip Completed"),0) -> 1327
XFC4: Compeltion Rate | XFD4: =IFERROR(XFD2/XFD1,0) -> 0.40982088
XFC5: Cancelled Trips | XFD5: =IFERROR(GETPIVOTDATA("Request id",'Status Distribution'!$A$3,"Status","Cancelled"),0) -> 198
XFC6: No Cars Available | XFD6: =IFERROR(GETPIVOTDATA("Request id",'Status Distribution'!$A$3,"Status","No Cars Available"),0) -> 1713
XFC7: Supply Demand Gap | XFD7: =XFD1-XFD2 -> 1911
